GF LYRIC-C,AU4782
GF AUSR7614-186,AU7614-186
GF AUSR7614CGWV186,AU7614-186
GF AUSR7614CGWD186,AU7614-186
GF AUSR7614CGWD,AU7614
GF AUSR7614-CGAN,AU7614
GF AUSR7614-CGANT,AU7614
GF AUSR7614-BKANT,AU7614-BK
GF AUSR6946,AU6946
GF AU6946,AU6946
GF AU6946U,AU6946
GF AU6946UA,AU6946
GF AUSR7614-BKAN,AU7614-BK
GF AU7538B-HU,AU7538B
GF AU7538B-HA,AU7538B
GF AU7538A-HU,AU7538A
GF AUSR7529,AU7529
GF AUSR7529UN,AU7529
GF AUSR7529-UH,AU7529
GF AUSR7529-AH,AU7529
GF AUSR7389H,AU7389H
GF AUSR7389HA,AU7389H
GF AUSR7389HU,AU7389H
GF AUSR7389HUA,AU7389H
GF AUSR7389H-HA,AU7389H
GF AUSR7389H-HU,AU7389H
GF AUSR7389H-U,AU7389H
GF AUSR7389H-UA,AU7389H
GF AU7389H-TU,AU7389H
GF AUSR7389H-DA,AU7389H
GF AUSR7389H-DU,AU7389H
GF AU7389H-TA,AU7389H
GF AU7389H-HYA,AU7389H
GF AU7389H-HA,AU7389H
GF AU7389H-NA,AU7389H
GF AU7389H-HU,AU7389H
GF AUSR7389GREG,AU7389G
GF AUSR7389G,AU7389G
GF AUSR7389GHA,AU7389G
GF AUSR7389GHU,AU7389G
GF AUSR7389G-DA,AU7389G
GF AU7389G-U,AU7389G
GF AUSR7389G-TA,AU7389G
GF AUSR7389G-UA,AU7389G
GF AU7389G-HA,AU7389G
GF AU7389G-NA,AU7389G
GF AU7389G-HA,AU7389G
GF AU7389G-NA,AU7389G
GF AU7389G-UA,AU7389G
GF AU7389G-HU,AU7389G
GF WAUSR7368HBLK40,AU7368H
GF AU7130,AU7130
GF AU7130-HU,AU7130
GF AU7130-UA,AU7130
GF AU7130-UA,AU7130
GF AU7130-HA,AU7130
GF AU6953U,AU6953
GF AU6953HA,AU6953
GF AU6953-UA,AU6953
GF AU6563ASHAI,AU6563
GF AU6563ASHUI,AU6563
GF AU6563ASHU,AU6563
GF AU6563,AU6563
GF AU6563HYA,AU6563
GF AU6563ASHA,AU6563
GF AU6563U,AU6563
GF AU6563UA,AU6563
GF AU6953HU,AU6953
GF AU6563HYU,AU6563
GF AU6563-UUH,AU6563
GF AU5429ISDA,AU5429I
GF AU5429H-UKA,AU5429H
GF AU5429H-UA,AU5429H
GF AU5429HU,AU5429H
GF AU5429H-AH,AU5429H
GF AU5429H-UH,AU5429H
GF AU5429H-UH586,AU5429H
GF AU5429H-UHH,AU5429H
GF AU5429G-205U,AU5429D
GF AU5429G-205U,AU5429D
GF AU5429G-205UN,AU5429D
GF AU5429D-KOLA,AU5429D
GF AU5429D-KOLU,AU5429D
GF AU5429DKOLH,AU5429D
GF AU5429DASHSDU,AU5429D
GF AU5429DUKA,AU5429D
GF AU5429DASHSDA,AU5429D
GF AU5429DUKASP,AU5429D
GF AU5429DUA,AU5429D
GF AU5429DU,AU5429D
GF WAU5429DUA,AU5429D
GF AU5429DUH,AU5429D
GF AU5429DAH,AU5429D
GF AU5429D-UD,AU5429D
GF AU5429D-UT,AU5429D
GF AU5429D-AD,AU5429D
GF AU5429D-AH,AU5429D
GF AU5429D-AH586,AU5429D
GF AU5429D-AN,AU5429D
GF AU5429D-UH586,AU5429D
GF AU5429D-AHSP,AU5429D
GF AU5429D-UHH,AU5429D
GF AU4782K,AU4782K
GF AU4782K-UKU,AU4782K
GF AU4782KU,AU4782K
GF AU4782K-UKA,AU4782K
GF AU4782KUA,AU4782K
GF AU4782KASHU,AU4782K
GF AU4782KASHA,AU4782K
GF AU4782KHA,AU4782K
GF AU4782KHU,AU4782K
GF AU4782K-NA,AU4782K
GF AU4782DNCASHSD,AU4782
GF AU4782DNCASHSDA,AU4782
GF AU4782DNCKOLU,AU4782
GF AU4782DNCKOLH,AU4782
GF AU4782DNCKOLA,AU4782
GF AU4782DNCKOLUSP,AU4782
GF AU4782DKOLU-LO,AU4782
GF AU4782D-UKU,AU4782
GF AU4782D-UKA,AU4782
GF AU4782DU,AU4782
GF AU4782D-UA,AU4782
GF AU4782DREP,AU4782DREP
GF AU4782DHA,AU4782
GF AU4782DAFREP,AU4782DREP
GF AU4782DAFU,AU4782
GF AU4782DHU,AU4782
GF AU4583A-32,AU4583 32
GF SAU4583HYU218,AU4583 210
GF AU4583ASHUI210C,AU2583 210
GF AU4583ASHAI210C,AU4583 210
GF AU4583HYA210C,AU4583 210
GF AU4583HYU210C,AU4583 210
GF SAU4583-210,AU4583 210
GF AU4583-32,AU4583 32
GF AU4583-32U,AU4583 32
GF AU4583-210C,AU4583 210
GF AU4583-210CWD,AU4583 210
GF AU4583ASHULD150,AU4583 210
GF WAU4583ASHU150,AU4583 210
GF WAU4583ASHN150,AU4583 210
GF WAU4583HYU150,AU4583 210
GF AU4583-ASHUI,AU4583
GF AU4583-HULD,AU4583
GF AU4583-ASHU,AU4583
GF AU4583-HA,AU4583
GF AU4583U,AU4583
GF AU4583UA,AU4583
GF AU4583-UUH,AU4583
GF WAU4583UA,AU4583
GF AU4398C-WTULD,AU4398
GF AU4398CASHSDU,AU4398
GF SAU4398EASHU,AU4398
GF AU4398CKOLU,AU4398
GF WAU4398FKOLU,AU4398
GF SAU4398E-KUU,AU4398
GF WAU4398F-WKOLU,AU4398
GF AU4398C-WKOLU,AU4398
GF AU4398CUSP,AU4398
GF AU4398CU,AU4398
GF SAU4398E-UN,AU4398
GF WAU4398FUN,AU4398
GF WAU4398FKHEN,AU4398
GF WAU4398FUHEN,AU4398
GF WAU4398FWTSDULD,AU4398
GF WAU4398FASHU,AU4398
GF AU4398CBU,AU4398
GF AU4398CUA,AU4398
GF WAU4398FUNA,AU4398
GF AU4398CBA,AU4398
GF AU4398CNA,AU4398
GF AU4398CNU,AU4398
GF WAU4398FNA,AU4398
GF WAU4398F-DA,AU4398
GF AU4398C-HU,AU4398
GF AU4398C-HA,AU4398
GF AU4398C-TA,AU4398
GF AU4398C-TU,AU4398
GF AU4077ASH,AU4077
GF AU4077,AU4077
GF AU4077WTAS,AU4077
GF AU4077WTASH,AU4077
GF SAU3426H,AU3426H
GF AU3426H,AU3426H
GF AU3426HASHU,AU3426H
GF AU3426H-HYA,AU3426H
GF AU3426H-UA,AU3426H
GF AU3426H-HYU,AU3426H
GF WAU3426-205,AU3426 WIDE
GF AU3426-205U,AU3426 WIDE
GF WAU3426-205U,AU3426 WIDE
GF WAU3426-205UU,AU3426 WIDE
GF WAU3426-205KOLU,AU3426
GF AU3426-205UKU,AU3426 WIDE
GF AU3426-205UU,AU3426 WIDE
GF AU3426-205KU,AU3426
GF WAUSR3426-205TU,AU3426 WIDE
GF WAU3426-205DU,AU3426 WIDE
GF WAU3426-205NU,AU3426 WIDE
GF AU3426-KOLA,AU3426
GF SAU3426AFUN,AU3426
GF AU3426-KOLH,AU3426
GF AU3426-KOLU,AU3426
GF SAU3426NGSDU,AU3426
GF AU3426AFUN,AU3426
GF AU3426-KOLASPL,AU3426
GF SAU3426-KOLU,AU3426
GF SAU3426-KUU,AU3426
GF SAU3426-UN,AU3426
GF AU3426U,AU3426
GF AU3426UA,AU3426
GF AU3426ASHU,AU3426
GF AU3426ASHSDA,AU3426
GF AU3426U-586,AU3426
GF AU3426HYU,AU3426
GF AU3426-HYU,AU3426
GF AU3426-HYA,AU3426
GF AU3426-TA,AU3426
GF AU3426-TU,AU3426
GF AU3426-HA,AU3426
GF AU3426-HYU586,AU3426
GF AU3426-NA,AU3426
GF AU3426-HYA586,AU3426
GF AU3426-HYHU,AU3426
GF WAU3426-HA,AU3426
GF WAU3426-NA,AU3426
GF WAU3426-HU,AU3426
GF AU3086A-ASHA,AU3086
GF SAU3086AU,AU3086
GF AU3086A-USD,AU3086
GF AU3086A-HYA,AU3086
GF AU3086A-NGA,AU3086
GF AU3086A-HYU,AU3086
GF HAU2958HASHA,AU2958H
GF AU2958H-KOLU,AU2958H
GF AU2958HASHU,AU2958H
GF AU2958H-KOLA,AU2958H
GF AU2958H-UKA,AU2958H
GF AU2958H-UA,AU2958J
GF SAU2958H-UN,AU2958H
GF SAU2958HKOLU,AU2958H
GF HAU2958HUA,AU2958H
GF AU2958HU,AU2958H
GF AU2958H-DA,AU2958H
GF AU2958H-HU,AU2958H
GF AU2958H-TA,AU2958H
GF AU2958H-TU,AU2958H
GF AU2958H-HA,AU2958H
GF AU2958H-NA,AU2958H
GF WAU2958H-NA,AU2958H
GF WAU2958H-HA,AU2958H
GF WAU2958H-HU,AU2958H
GF AU2958GASHA,AU2958G
GF AU2958G-KOLA,AU2958G
GF SAU2958GASHU,AU2958G
GF SAU2958GNGSDU,AU2958G
GF AU2958G-KOLU,AU2958G
GF AU2958GAFUN,AU2958G
GF SAU2958GKOLU,AU2958G
GF SAU2958G-KUU,AU2958G
GF AU2958G-UKA,AU2958G
GF AU2958G-UKU,AU2958G
GF SAU2958G-UN,AU2958G
GF AU2958GU,AU2958G
GF AURA30000-C,AU2958G
GF AU2958GUA,AU2958G
GF AU2958G-HU,AU2958G
GF AU2958G-HA,AU2958G
GF AU2958G-NA,AU2958G
GF WAU2958G-NA,AU2958G
GF WAU2958G-HA,AU2958G
GF AU2958ASHSDULD,AU2958A
GF AU2958-KOLU,AU2958A
GF AU2958NGSDULD,AU2958A
GF HAU2958AASHSDA,AU2958A
GF SAU2958ASHSDU,AU2958A
GF WAU2958AKOLU,AU2958A
GF AU2958-KOHENGLI,AU2958A
GF AU2958-KOLA,AU2958A
GF AU2958-KOLH,AU2958A
GF AU2958-NGULR,AU2958A
GF AU2958ASHHENGLI,AU2958A
GF WAU2958-205,AU2958A
GF WAU2958AKOLHEN,AU2958A
GF WAU2958ANGSDU,AU2958A
GF SAU2958ANGSDA,AU2958A
GF SAU2958KOLU,AU2958A
GF AU2958UKA,AU2958A
GF SAU2958-KUU,AU2958
GF WAU2958AKOLA,AU2958A
GF AU2958UA,AU2958A
GF HAU2958AKOLA,AU2958A
GF AU2958U,AU2958A
GF HAU2958AUA,AU2958A
GF SAU2958A-UN,AU2958A
GF WAU2958AU,AU2958A
GF WAU2958AUA,AU2958A
GF WAU2958ASDAHEN,AU2958A
GF WAU2958-205U,AU2958A
GF WAU2958ATORA,AU2958A
GF WAU2958AUHEN,AU2958A
GF WAU2958ASHA,AU2958A
GF WAU2958ASHU,AU2958A
GF WAU2958A-DA,AU2958A
GF WAU2958A-DU,AU2958A
GF AU2958-HU,AU2958A
GF AU2958-TA,AU2958A
GF AU2958-TU,AU2958A
GF AU2958-HA,AU2958A
GF AU2958-NA,AU2958A
GF WAU2958A-NA,AU2958A
GF WAU2958A-HA,AU2958A
GF AU2958-HYA,AU2958A
GF WAU2958A-HU,AU2958A
GF AU2958-205U,AU2958A
GF AU2958-205UU,AU2958A
GF AU1148KAF,AU1148KAF
GF AU1148KWT,AU1148KWT
GF AU1148KAF,AU1148KAF
GF AU1148G36ASH,AU1148G36
GF AU1148G36NGAS,AU1148G36
GF AU1148G36WT,AU1148G36
GF AU1148G36,AU1148G36
GF AU3426-HHDU,AU3426
GF WAU3086A-HYA,AU3086
GF WAU3426-205HU,AU3426 WIDE
GF AU5429D-UN,AU5429D
GF WAU4398F-HU,AU4398
GF WAU2958G-HU,AU2958G
GF AU7389H-UN,AU7389H
GF AU7389H-HHDU,AU7389H
GF WAU4583U,AU4583
GF WAU3426H-HYU,AU3426H
GF AU7130-UN,AU7130
GF WAU2958A-U,AU2958A
GF WAU3426-U,AU3426
GF AU7389G-HHU,AU7389G
GF AU4398C-HHU,AU4398
GF AU7538B-HHU,AU7538B
GF AU4583-210CHH,AU4583 210
GF AU4782K-HHU,AU4782K
GF AU5429DUHH,AU5429D
GF AU6563U-HH,AU6563
GF AU4583U-HD,AU4583
GF AU6953U-HH,AU6953
GF AU7389G-UN,AU7389G
GF AUSR7980,AUSR7980
GF AU3426H-HHU,AU3426H
GF AU5429D-HHU586,AU5429D
GF AU2958-HHU,AU2958A
GF AU4782D-HHU,AU4782
GF AU7130-HHU,AU7130
GF AU7389H-HHDU586,AU7389H
GF AU5429D-CSH,AU5429D
GF AU5429D-HYO,AU5429D
GF AUSR7529-UHH,AU7529
GF WAU5429D-UH,AU5429D
GF WAU7389H-HU,AU7389H
GF AU2958G-HHU,AU2958G
GF WAU7389H-HH,AU7389H
